"","estimate","std.error","statistic","p.value","beta0","df","lwr","upr"
"1",-0.187904829950593,0.0318501482704683,34.805908171547,3.64266350416642e-09,0,1,-0.250329973462972,-0.125479686438215
